{
    "pools": [
        {
            "rolls": 2,
            "bonus_rolls": {
                "min": 0,
                "max": 2
            },
            "entries": [
                {
                    "type": "loot_table",
                    "name": "minecraft:gameplay/fishing",
                    "weight": 6,
                    "functions": [
                        {
                            "function": "set_count",
                            "count": {
                                "max":3,
                                "min":1
                            }
                        }
                    ]
                },
                {
                    "type": "loot_table",
                    "name": "sp_mobs:sea_treasure",
                    "weight": 1,
                    "functions": [
                        {
                            "function": "set_count",
                            "count": 1
                        }
                    ]
                }
            ]
        },
        {
            "rolls": 1,
            "entries": [
                {
                    "type": "loot_table",
                    "name":"sp_mobs:exp",
                    "functions": [
                        {
                            "function": "set_count",
                            "count": 6
                        }
                    ]
                }
            ]
        }
    ]
}