{
    "pools": [
        {
            "rolls": {
                "min": 2,
                "max": 3
            },
            "bonus_rolls": {
                "min": 2.7,
                "max": 6.1
            },
            "entries": [
                {
                    "type": "item",
                    "name": "minecraft:blaze_rod",
                    "weight": 1,
                    "functions": [
                        {
                            "function": "set_count",
                            "count": {
                                "min": 1,
                                "max": 2
                            }
                        }
                    ]
                }
            ]
        },
        {
            "rolls": {
                "min": 1,
                "max": 2
            },
            "bonus_rolls": {
                "min": 1.7,
                "max": 5.1
            },
            "entries": [
                {
                    "type": "loot_table",
                    "name": "minecraft:chests/nether_bridge",
                    "weight": 1,
                    "functions": [
                        {
                            "function": "set_count",
                            "count": 1
                        }
                    ]
                }
            ]
        },
        {
            "rolls": 1,
            "entries": [
                {
                    "type": "loot_table",
                    "name":"sp_mobs:exp",
                    "functions": [
                        {
                            "function": "set_count",
                            "count": 25
                        }
                    ]
                }
            ]
        }
    ]
}