{
    "pools": [
        {
            "bonus_rolls": {
                "min":1,
                "max":3
            },
            "rolls":{
                "min":1,
                "max":2
            },
            "entries": [
                {
                    "type": "loot_table",
                    "name": "entities/stray",
                    "weight": 6,
                    "functions": [
                        {
                            "function": "set_count",
                            "count": {
                                "max":2,
                                "min":1
                            }
                        }
                    ]
                },
                {
                    "type": "item",
                    "name": "minecraft:ice",
                    "weight": 4,
                    "functions": [
                        {
                            "function": "set_count",
                            "count": {
                                "max":4,
                                "min":2
                            }
                        }
                    ]
                },
                {
                    "type": "item",
                    "name": "minecraft:blue_ice",
                    "weight": 2,
                    "functions": [
                        {
                            "function": "set_count",
                            "count": {
                                "max":1,
                                "min":0
                            }
                        }
                    ]
                },
                {
                    "type": "item",
                    "name": "minecraft:packed_ice",
                    "weight": 3,
                    "functions": [
                        {
                            "function": "set_count",
                            "count": {
                                "max":3,
                                "min":1
                            }
                        }
                    ]
                }
            ]
        },
        {
            "rolls": 1,
            "entries": [
                {
                    "type": "loot_table",
                    "name":"sp_mobs:exp",
                    "functions": [
                        {
                            "function": "set_count",
                            "count": 6
                        }
                    ]
                }
            ]
        }
    ]
}