{
    "pools": [
        {
            "rolls": {
                "min": 1,
                "max": 1
            },
            "bonus_rolls": {
                "min": 1,
                "max": 3
            },
            "entries": [
                {
                    "type": "loot_table",
                    "name": "minecraft:chests/bastion_bridge",
                    "weight": 6,
                    "functions": [
                        {
                            "function": "set_count",
                            "count": 1
                        }
                    ]
                },
                {
                    "type": "loot_table",
                    "name": "minecraft:chests/bastion_hoglin_stable",
                    "weight": 3,
                    "functions": [
                        {
                            "function": "set_count",
                            "count": 1
                        }
                    ]
                },
                {
                    "type": "loot_table",
                    "name": "minecraft:chests/bastion_other",
                    "weight": 3,
                    "functions": [
                        {
                            "function": "set_count",
                            "count": 1
                        }
                    ]
                },
                {
                    "type": "loot_table",
                    "name": "minecraft:chests/bastion_treasure",
                    "weight": 1,
                    "functions": [
                        {
                            "function": "set_count",
                            "count": 1
                        }
                    ]
                }
            ]
        },
        {
            "rolls": 1,
            "entries": [
                {
                    "type": "loot_table",
                    "name":"sp_mobs:exp",
                    "functions": [
                        {
                            "function": "set_count",
                            "count": 50
                        }
                    ]
                }
            ]
        }
    ]
}