{
    "pools": [
        {
            "rolls": {
                "min": 2,
                "max": 5
            },
            "bonus_rolls": {
                "min": 1,
                "max": 5
            },
            "entries": [
                {
                    "type": "loot_table",
                    "name": "minecraft:entities/zombie",
                    "weight": 3,
                    "functions": [
                        {
                            "function": "set_count",
                            "count": {
                                "min": 1,
                                "max": 2
                            }
                        }
                    ]
                },
                {
                    "type": "item",
                    "name": "minecraft:iron_ingot",
                    "weight": 2,
                    "functions": [
                        {
                            "function": "set_count",
                            "count": {
                                "min": 0,
                                "max": 1
                            }
                        }
                    ]
                },
                {
                    "type": "item",
                    "name": "minecraft:leather",
                    "weight": 1,
                    "functions": [
                        {
                            "function": "set_count",
                            "count": {
                                "min": 0,
                                "max": 1
                            }
                        }
                    ]
                }
            ]
        }
    ]
}