{
    "pools": [
        {
            "rolls": 1,
            "bonus_rolls": {
                "min": 1,
                "max": 4
            },
            "entries": [
                {
                    "type": "item",
                    "name": "minecraft:spider_eye",
                    "weight": 3,
                    "functions": [
                        {
                            "function": "set_count",
                            "count": {
                                "min": 1,
                                "max": 2
                            }
                        }
                    ]
                },
                {
                    "type": "item",
                    "name": "minecraft:nether_wart",
                    "weight": 1,
                    "functions": [
                        {
                            "function": "set_count",
                            "count": {
                                "min": 1,
                                "max": 2
                            }
                        }
                    ]
                },
                {
                    "type": "item",
                    "name": "minecraft:brown_mushroom",
                    "weight": 1,
                    "functions": [
                        {
                            "function": "set_count",
                            "count": {
                                "min": 1,
                                "max": 2
                            }
                        }
                    ]
                }
            ]
        },
        {
            "rolls": {
                "min":2,
                "max":4
            },
            "entries": [
                {
                    "type":"item",
                    "name":"minecraft:fermented_spider_eye",
                    "weight": 1,
                    "functions": [
                        {
                            "function": "set_count",
                            "count": 1
                        },
                        {
                            "function": "set_nbt",
                            "tag": "{sp_mob:'item',display:{Name:'{\"text\":\"Spider Egg\"}'}}"
                        }
                    ]
                }
            ]
        }
    ]
}