{
    "type": "minecraft:overworld",
    "generator": {
        "type": "minecraft:noise",
        "seed": -1270654070,
        "settings": {
            "sea_level": 0,
            "disable_mob_generation": false,
            "noise_caves_enabled": false,
            "noodle_caves_enabled": false,
            "aquifers_enabled": false,
            "ore_veins_enabled": false,
            "legacy_random_source": false,
            "default_block": {
                "Name": "minecraft:stone"
            },
            "default_fluid": {
                "Name": "minecraft:air"
            },
            "noise": {
                "min_y": -48,
                "height": 176,
                "size_horizontal": 2,
                "size_vertical": 1,
                "island_noise_override": false,
                "sampling": {
                    "xz_scale": 2,
                    "y_scale": 1,
                    "xz_factor": 80,
                    "y_factor": 160
                },
                "bottom_slide": {
                    "target": -0.234375,
                    "size": 7,
                    "offset": 1
                },
                "top_slide": {
                    "target": -23.4375,
                    "size": 64,
                    "offset": -46
                },
                "terrain_shaper": {
                    "offset": 0,
                    "factor": 0,
                    "jaggedness": 0
                }
            },
            "surface_rule": {
                "type": "minecraft:sequence",
                "sequence": [
                    {
                        "type": "minecraft:condition",
                        "if_true": {
                            "type": "minecraft:stone_depth",
                            "surface_type": "floor",
                            "add_surface_depth": false,
                            "add_surface_secondary_depth": false,
                            "offset": 0
                        },
                        "then_run": {
                            "type": "minecraft:sequence",
                            "sequence": [
                                {
                                    "type": "minecraft:condition",
                                    "if_true": {
                                        "type": "minecraft:biome",
                                        "biome_is": [
                                            "minecraft:badlands"
                                        ]
                                    },
                                    "then_run": {
                                        "type": "minecraft:bandlands"
                                    }
                                },
                                {
                                    "type": "minecraft:condition",
                                    "if_true": {
                                        "type": "minecraft:biome",
                                        "biome_is": [
                                            "minecraft:desert"
                                        ]
                                    },
                                    "then_run": {
                                        "type": "minecraft:block",
                                        "result_state": {
                                            "Name": "minecraft:sand"
                                        }
                                    }
                                },
                                {
                                    "type": "sequence",
                                    "sequence": [
                                        {
                                            "type": "minecraft:condition",
                                            "if_true": {
                                                "type": "minecraft:water",
                                                "offset": -1,
                                                "surface_depth_multiplier": 0,
                                                "add_stone_depth": false
                                            },
                                            "then_run": {
                                                "type": "minecraft:block",
                                                "result_state": {
                                                    "Name": "minecraft:grass_block",
                                                    "Properties": {
                                                        "snowy": "false"
                                                    }
                                                }
                                            }
                                        },
                                        {
                                            "type": "minecraft:block",
                                            "result_state": {
                                                "Name": "minecraft:dirt"
                                            }
                                        }
                                    ]
                                }
                            ]
                        }
                    },
                    {
                        "type": "minecraft:condition",
                        "if_true": {
                            "type": "minecraft:stone_depth",
                            "surface_type": "floor",
                            "add_surface_depth": true,
                            "add_surface_secondary_depth": false,
                            "offset": 0
                        },
                        "then_run": {
                            "type": "sequence",
                            "sequence": [
                                {
                                    "type": "minecraft:condition",
                                    "if_true": {
                                        "type": "minecraft:biome",
                                        "biome_is": [
                                            "minecraft:badlands"
                                        ]
                                    },
                                    "then_run": {
                                        "type": "minecraft:bandlands"
                                    }
                                },
                                {
                                    "type": "minecraft:condition",
                                    "if_true": {
                                        "type": "minecraft:biome",
                                        "biome_is": [
                                            "minecraft:desert"
                                        ]
                                    },
                                    "then_run": {
                                        "type": "minecraft:block",
                                        "result_state": {
                                            "Name": "minecraft:sand"
                                        }
                                    }
                                },
                                {
                                    "type": "minecraft:block",
                                    "result_state": {
                                        "Name": "minecraft:dirt"
                                    }
                                }
                            ]
                        }
                    }
                ]
            },
            "structures": {
                "stronghold": {
                    "distance": 32,
                    "spread": 3,
                    "count": 128
                },
                "structures": {
                    "minecraft:igloo": {
                        "spacing": 32,
                        "separation": 8,
                        "salt": 14357618
                    },
                    "minecraft:mansion": {
                        "spacing": 80,
                        "separation": 20,
                        "salt": 10387319
                    },
                    "minecraft:jungle_pyramid": {
                        "spacing": 32,
                        "separation": 8,
                        "salt": 14357619
                    },
                    "minecraft:nether_fossil": {
                        "spacing": 2,
                        "separation": 1,
                        "salt": 14357921
                    },
                    "minecraft:stronghold": {
                        "spacing": 1,
                        "separation": 0,
                        "salt": 0
                    },
                    "minecraft:shipwreck": {
                        "spacing": 24,
                        "separation": 4,
                        "salt": 165745295
                    },
                    "minecraft:mineshaft": {
                        "spacing": 1,
                        "separation": 0,
                        "salt": 0
                    },
                    "minecraft:desert_pyramid": {
                        "spacing": 32,
                        "separation": 8,
                        "salt": 14357617
                    },
                    "minecraft:ruined_portal": {
                        "spacing": 40,
                        "separation": 15,
                        "salt": 34222645
                    },
                    "minecraft:fortress": {
                        "spacing": 27,
                        "separation": 4,
                        "salt": 30084232
                    },
                    "minecraft:pillager_outpost": {
                        "spacing": 32,
                        "separation": 8,
                        "salt": 165745296
                    },
                    "minecraft:village": {
                        "spacing": 32,
                        "separation": 8,
                        "salt": 10387312
                    },
                    "minecraft:endcity": {
                        "spacing": 20,
                        "separation": 11,
                        "salt": 10387313
                    },
                    "minecraft:buried_treasure": {
                        "spacing": 1,
                        "separation": 0,
                        "salt": 0
                    },
                    "minecraft:ocean_ruin": {
                        "spacing": 20,
                        "separation": 8,
                        "salt": 14357621
                    },
                    "minecraft:bastion_remnant": {
                        "spacing": 27,
                        "separation": 4,
                        "salt": 30084232
                    },
                    "minecraft:swamp_hut": {
                        "spacing": 32,
                        "separation": 8,
                        "salt": 14357620
                    },
                    "minecraft:monument": {
                        "spacing": 32,
                        "separation": 5,
                        "salt": 10387313
                    }
                }
            }
        },
        "biome_source": {
            "type": "minecraft:multi_noise",
            "preset": "minecraft:overworld"
        }
    }
}